XCS Name,DES Image,XMM Image,XMM ObsId,Flag
XMMXCSJ003346.3-431729.3,http://astronomy.sussex.ac.uk/~pr83/des_sv/images/optical/desdm_xcs_xcontours_XMMXCSJ003346.3-431729.3.jpg,http://astronomy.sussex.ac.uk/~pr83/des_sv/images/xray/0148961301-8.4429146--43.291477.jpeg,http://astronomy.sussex.ac.uk/~pr83/des_sv/images/xray/0148961301.jpeg,0
XMMXCSJ003545.5-431758.6,http://astronomy.sussex.ac.uk/~pr83/des_sv/images/optical/desdm_xcs_xcontours_XMMXCSJ003545.5-431758.6.jpg,http://astronomy.sussex.ac.uk/~pr83/des_sv/images/xray/0148960101-8.9397306--43.299624.jpeg,http://astronomy.sussex.ac.uk/~pr83/des_sv/images/xray/0148960101.jpeg,0
XMMXCSJ003548.1-432232.8,http://astronomy.sussex.ac.uk/~pr83/des_sv/images/optical/desdm_xcs_xcontours_XMMXCSJ003548.1-432232.8.jpg,http://astronomy.sussex.ac.uk/~pr83/des_sv/images/xray/0148960101-8.9503343--43.375779.jpeg,http://astronomy.sussex.ac.uk/~pr83/des_sv/images/xray/0148960101.jpeg,0
XMMXCSJ003640.2-434256.0,http://astronomy.sussex.ac.uk/~pr83/des_sv/images/optical/desdm_xcs_xcontours_XMMXCSJ003640.2-434256.0.jpg,http://astronomy.sussex.ac.uk/~pr83/des_sv/images/xray/0148960801-9.1674762--43.715559.jpeg,http://astronomy.sussex.ac.uk/~pr83/des_sv/images/xray/0148960801.jpeg,0
XMMXCSJ003659.25-431827.1,http://astronomy.sussex.ac.uk/~pr83/des_sv/not_done/optical/desdm_xcs_xcontours_XMMXCSJ003659.25-431827.1.jpg,http://astronomy.sussex.ac.uk/~pr83/des_sv/not_done/xray/0148960101-9.2468725--43.307529.png,http://astronomy.sussex.ac.uk/~pr83/des_sv/not_done/xray/0148960101.png,0
XMMXCSJ021442.42-043304.7,http://astronomy.sussex.ac.uk/~pr83/des_sv/not_done/optical/desdm_xcs_xcontours_XMMXCSJ021442.42-043304.7.jpg,http://astronomy.sussex.ac.uk/~pr83/des_sv/not_done/xray/0553911401-33.676733--4.5513111.png,http://astronomy.sussex.ac.uk/~pr83/des_sv/not_done/xray/0553911401.png,0
XMMXCSJ021452.68-042331.7,http://astronomy.sussex.ac.uk/~pr83/des_sv/not_done/optical/desdm_xcs_xcontours_XMMXCSJ021452.68-042331.7.jpg,http://astronomy.sussex.ac.uk/~pr83/des_sv/not_done/xray/0553911401-33.719488--4.3921330.png,http://astronomy.sussex.ac.uk/~pr83/des_sv/not_done/xray/0553911401.png,0
XMMXCSJ021504.7-055830.0,http://astronomy.sussex.ac.uk/~pr83/des_sv/images/optical/desdm_xcs_xcontours_XMMXCSJ021504.7-055830.0.jpg,http://astronomy.sussex.ac.uk/~pr83/des_sv/images/xray/0677670101-prep_mosaic_002-33.769543--5.9750094.jpeg,http://astronomy.sussex.ac.uk/~pr83/des_sv/images/xray/0677670101-prep_mosaic_002.jpeg,0
XMMXCSJ021505.93-055814.5,http://astronomy.sussex.ac.uk/~pr83/des_sv/images/optical/all_jpegs_mosaic/desdm_xcs_xcontours_XMMXCSJ021505.93-055814.5.jpg,http://astronomy.sussex.ac.uk/~pr83/des_sv/images/xray/0677660101-33.774694--5.9706981.jpeg,http://astronomy.sussex.ac.uk/~pr83/des_sv/images/xray/0677660101.jpeg,0
XMMXCSJ021524.23-034318.2,http://astronomy.sussex.ac.uk/~pr83/des_sv/des_images/all_jpegs/desdm_xcs_xcontours_XMMXCSJ021524.23-034318.2.jpg,http://astronomy.sussex.ac.uk/~pr83/des_sv/images/xray/0673110201-33.850952--3.7217177.jpeg,http://astronomy.sussex.ac.uk/~pr83/des_sv/images/xray/0673110201.jpeg,0
XMMXCSJ021528.34-040258.0,http://astronomy.sussex.ac.uk/~pr83/des_sv/not_done/optical/desdm_xcs_xcontours_XMMXCSJ021528.34-040258.0.jpg,http://astronomy.sussex.ac.uk/~pr83/des_sv/not_done/xray/0404967601-33.868083--4.0494380.png,http://astronomy.sussex.ac.uk/~pr83/des_sv/not_done/xray/0404967601.png,0
XMMXCSJ021528.91-044052.8,http://astronomy.sussex.ac.uk/~pr83/des_sv/not_done/optical/desdm_xcs_xcontours_XMMXCSJ021528.91-044052.8.jpg,http://astronomy.sussex.ac.uk/~pr83/des_sv/not_done/xray/0404966801-33.870459--4.6813242.png,http://astronomy.sussex.ac.uk/~pr83/des_sv/not_done/xray/0404966801.png,0
XMMXCSJ021547.28-045031.4,http://astronomy.sussex.ac.uk/~pr83/des_sv/not_done/optical/desdm_xcs_xcontours_XMMXCSJ021547.28-045031.4.jpg,http://astronomy.sussex.ac.uk/~pr83/des_sv/not_done/xray/0404966801-33.946994--4.8420648.png,http://astronomy.sussex.ac.uk/~pr83/des_sv/not_done/xray/0404966801.png,0
XMMXCSJ021604.63-032607.0,http://astronomy.sussex.ac.uk/~pr83/des_sv/des_images/all_jpegs/desdm_xcs_xcontours_XMMXCSJ021604.63-032607.0.jpg,http://astronomy.sussex.ac.uk/~pr83/des_sv/images/xray/0553911901-34.019303--3.4352783.jpeg,http://astronomy.sussex.ac.uk/~pr83/des_sv/images/xray/0553911901.jpeg,0
XMMXCSJ021612.44-041426.4,http://astronomy.sussex.ac.uk/~pr83/des_sv/not_done/optical/desdm_xcs_xcontours_XMMXCSJ021612.44-041426.4.jpg,http://astronomy.sussex.ac.uk/~pr83/des_sv/not_done/xray/0553911601-34.051814--4.2406568.png,http://astronomy.sussex.ac.uk/~pr83/des_sv/not_done/xray/0553911601.png,0
XMMXCSJ021653.14-041725.5,http://astronomy.sussex.ac.uk/~pr83/des_sv/not_done/optical/desdm_xcs_xcontours_XMMXCSJ021653.14-041725.5.jpg,http://astronomy.sussex.ac.uk/~pr83/des_sv/not_done/xray/0404967001-34.221407--4.2904081.png,http://astronomy.sussex.ac.uk/~pr83/des_sv/not_done/xray/0404967001.png,0
XMMXCSJ021735.7-051315.8,http://astronomy.sussex.ac.uk/~pr83/des_sv/images/optical/desdm_xcs_xcontours_XMMXCSJ021735.7-051315.8.jpg,http://astronomy.sussex.ac.uk/~pr83/des_sv/images/xray/0112370701-34.398637--5.2210592.jpeg,http://astronomy.sussex.ac.uk/~pr83/des_sv/images/xray/0112370701.jpeg,0
XMMXCSJ021739.38-034827.7,http://astronomy.sussex.ac.uk/~pr83/des_sv/des_images/all_jpegs/desdm_xcs_xcontours_XMMXCSJ021739.38-034827.7.jpg,http://astronomy.sussex.ac.uk/~pr83/des_sv/images/xray/0404967901-34.414067--3.8076968.jpeg,http://astronomy.sussex.ac.uk/~pr83/des_sv/images/xray/0404967901.jpeg,0
XMMXCSJ021741.7-045149.7,http://astronomy.sussex.ac.uk/~pr83/des_sv/images/optical/desdm_xcs_xcontours_XMMXCSJ021741.7-045149.7.jpg,http://astronomy.sussex.ac.uk/~pr83/des_sv/images/xray/0112371001-34.423558--4.8637980.jpeg,http://astronomy.sussex.ac.uk/~pr83/des_sv/images/xray/0112371001.jpeg,0
XMMXCSJ021805.68-033927.6,http://astronomy.sussex.ac.uk/~pr83/des_sv/des_images/all_jpegs/desdm_xcs_xcontours_XMMXCSJ021805.68-033927.6.jpg,http://astronomy.sussex.ac.uk/~pr83/des_sv/images/xray/0404968301-34.523668--3.6576682.jpeg,http://astronomy.sussex.ac.uk/~pr83/des_sv/images/xray/0404968301.jpeg,0
XMMXCSJ021807.88-054557.3,http://astronomy.sussex.ac.uk/~pr83/des_sv/not_done/optical/desdm_xcs_xcontours_XMMXCSJ021807.88-054557.3.jpg,http://astronomy.sussex.ac.uk/~pr83/des_sv/not_done/xray/0553910901-34.532834--5.7659098.png,http://astronomy.sussex.ac.uk/~pr83/des_sv/not_done/xray/0553910901.png,0
XMMXCSJ021826.0-045942.7,http://astronomy.sussex.ac.uk/~pr83/des_sv/images/optical/desdm_xcs_xcontours_XMMXCSJ021826.0-045942.7.jpg,http://astronomy.sussex.ac.uk/~pr83/des_sv/images/xray/0112371001-34.608254--4.9951828.jpeg,http://astronomy.sussex.ac.uk/~pr83/des_sv/images/xray/0112371001.jpeg,0
XMMXCSJ021833.0-050101.5,http://astronomy.sussex.ac.uk/~pr83/des_sv/images/optical/desdm_xcs_xcontours_XMMXCSJ021833.0-050101.5.jpg,http://astronomy.sussex.ac.uk/~pr83/des_sv/images/xray/0112370101-34.637631--5.0170926.jpeg,http://astronomy.sussex.ac.uk/~pr83/des_sv/images/xray/0112370101.jpeg,0
XMMXCSJ021835.75-053757.6,http://astronomy.sussex.ac.uk/~pr83/des_sv/images/optical/all_jpegs_mosaic/desdm_xcs_xcontours_XMMXCSJ021835.75-053757.6.jpg,http://astronomy.sussex.ac.uk/~pr83/des_sv/images/xray/0404965701-34.648946--5.6326727.jpeg,http://astronomy.sussex.ac.uk/~pr83/des_sv/images/xray/0404965701.jpeg,0
XMMXCSJ021837.90-054037.0,http://astronomy.sussex.ac.uk/~pr83/des_sv/not_done/optical/desdm_xcs_xcontours_XMMXCSJ021837.90-054037.0.jpg,http://astronomy.sussex.ac.uk/~pr83/des_sv/not_done/xray/0404965701-34.657909--5.6769491.png,http://astronomy.sussex.ac.uk/~pr83/des_sv/not_done/xray/0404965701.png,0
XMMXCSJ021843.7-053253.3,http://astronomy.sussex.ac.uk/~pr83/des_sv/images/optical/desdm_xcs_xcontours_XMMXCSJ021843.7-053253.3.jpg,http://astronomy.sussex.ac.uk/~pr83/des_sv/images/xray/0112370801-34.682150--5.5481440.jpeg,http://astronomy.sussex.ac.uk/~pr83/des_sv/images/xray/0112370801.jpeg,0
XMMXCSJ021914.5-045053.2,http://astronomy.sussex.ac.uk/~pr83/des_sv/images/optical/desdm_xcs_xcontours_XMMXCSJ021914.5-045053.2.jpg,http://astronomy.sussex.ac.uk/~pr83/des_sv/images/xray/0112370401-34.810203--4.8481135.jpeg,http://astronomy.sussex.ac.uk/~pr83/des_sv/images/xray/0112370401.jpeg,0
XMMXCSJ021940.78-055043.7,http://astronomy.sussex.ac.uk/~pr83/des_sv/not_done/optical/desdm_xcs_xcontours_XMMXCSJ021940.78-055043.7.jpg,http://astronomy.sussex.ac.uk/~pr83/des_sv/not_done/xray/0553910801-34.919921--5.8454830.png,http://astronomy.sussex.ac.uk/~pr83/des_sv/not_done/xray/0553910801.png,0
XMMXCSJ021944.3-045326.8,http://astronomy.sussex.ac.uk/~pr83/des_sv/images/optical/desdm_xcs_xcontours_XMMXCSJ021944.3-045326.8.jpg,http://astronomy.sussex.ac.uk/~pr83/des_sv/images/xray/0112370301-34.934541--4.8907715.jpeg,http://astronomy.sussex.ac.uk/~pr83/des_sv/images/xray/0112370301.jpeg,0
XMMXCSJ022023.19-025025.8,http://astronomy.sussex.ac.uk/~pr83/des_sv/des_images/all_jpegs/desdm_xcs_xcontours_XMMXCSJ022023.19-025025.8.jpg,http://astronomy.sussex.ac.uk/~pr83/des_sv/images/xray/0147110201-35.096606--2.8404972.jpeg,http://astronomy.sussex.ac.uk/~pr83/des_sv/images/xray/0147110201.jpeg,0
XMMXCSJ022105.4-043933.4,http://astronomy.sussex.ac.uk/~pr83/des_sv/images/optical/all_jpegs_mosaic/desdm_xcs_xcontours_XMMXCSJ022105.4-043933.4.jpg,http://astronomy.sussex.ac.uk/~pr83/des_sv/images/xray/0037982101-35.272409--4.6592872.jpeg,http://astronomy.sussex.ac.uk/~pr83/des_sv/images/xray/0037982101.jpeg,0
XMMXCSJ022145.44-034617.1,http://astronomy.sussex.ac.uk/~pr83/des_sv/des_images/all_jpegs/desdm_xcs_xcontours_XMMXCSJ022145.44-034617.1.jpg,http://astronomy.sussex.ac.uk/~pr83/des_sv/images/xray/0037982501-35.439350--3.7714054.jpeg,http://astronomy.sussex.ac.uk/~pr83/des_sv/images/xray/0037982501.jpeg,0
XMMXCSJ022154.83-054519.0,http://astronomy.sussex.ac.uk/~pr83/des_sv/not_done/optical/desdm_xcs_xcontours_XMMXCSJ022154.83-054519.0.jpg,http://astronomy.sussex.ac.uk/~pr83/des_sv/not_done/xray/0404965501-35.478438--5.7552903.png,http://astronomy.sussex.ac.uk/~pr83/des_sv/not_done/xray/0404965501.png,0
XMMXCSJ022158.15-033958.1,http://astronomy.sussex.ac.uk/~pr83/des_sv/des_images/all_jpegs/desdm_xcs_xcontours_XMMXCSJ022158.15-033958.1.jpg,http://astronomy.sussex.ac.uk/~pr83/des_sv/images/xray/0604280101-35.492305--3.6661295.jpeg,http://astronomy.sussex.ac.uk/~pr83/des_sv/images/xray/0604280101.jpeg,0
XMMXCSJ022204.5-043246.3,http://astronomy.sussex.ac.uk/~pr83/des_sv/images/optical/desdm_xcs_xcontours_XMMXCSJ022204.5-043246.3.jpg,http://astronomy.sussex.ac.uk/~pr83/des_sv/images/xray/0109520601-35.518925--4.5461984.jpeg,http://astronomy.sussex.ac.uk/~pr83/des_sv/images/xray/0109520601.jpeg,0
XMMXCSJ022206.58-030312.3,http://astronomy.sussex.ac.uk/~pr83/des_sv/des_images/all_jpegs/desdm_xcs_xcontours_XMMXCSJ022206.58-030312.3.jpg,http://astronomy.sussex.ac.uk/~pr83/des_sv/images/xray/0037981101-35.527427--3.0534245.jpeg,http://astronomy.sussex.ac.uk/~pr83/des_sv/images/xray/0037981101.jpeg,0
XMMXCSJ022233.02-045803.5,http://astronomy.sussex.ac.uk/~pr83/des_sv/des_images/all_jpegs/desdm_xcs_xcontours_XMMXCSJ022233.02-045803.5.jpg,http://astronomy.sussex.ac.uk/~pr83/des_sv/images/xray/0111110501-35.637602--4.9676514.jpeg,http://astronomy.sussex.ac.uk/~pr83/des_sv/images/xray/0111110501.jpeg,0
XMMXCSJ022259.03-040633.1,http://astronomy.sussex.ac.uk/~pr83/des_sv/not_done/optical/desdm_xcs_xcontours_XMMXCSJ022259.03-040633.1.jpg,http://astronomy.sussex.ac.uk/~pr83/des_sv/not_done/xray/0109520101-35.745974--4.1091812.png,http://astronomy.sussex.ac.uk/~pr83/des_sv/not_done/xray/0109520101.png,0
XMMXCSJ022302.5-043619.6,http://astronomy.sussex.ac.uk/~pr83/des_sv/images/optical/desdm_xcs_xcontours_XMMXCSJ022302.5-043619.6.jpg,http://astronomy.sussex.ac.uk/~pr83/des_sv/images/xray/0109520601-35.760573--4.6054409.jpeg,http://astronomy.sussex.ac.uk/~pr83/des_sv/images/xray/0109520601.jpeg,0
XMMXCSJ022318.3-051209.8,http://astronomy.sussex.ac.uk/~pr83/des_sv/images/optical/desdm_xcs_xcontours_XMMXCSJ022318.3-051209.8.jpg,http://astronomy.sussex.ac.uk/~pr83/des_sv/images/xray/0111110401-35.826255--5.2027197.jpeg,http://astronomy.sussex.ac.uk/~pr83/des_sv/images/xray/0111110401.jpeg,0
XMMXCSJ022318.37-052707.6,http://astronomy.sussex.ac.uk/~pr83/des_sv/not_done/optical/desdm_xcs_xcontours_XMMXCSJ022318.37-052707.6.jpg,http://astronomy.sussex.ac.uk/~pr83/des_sv/not_done/xray/0553910601-35.826537--5.4521217.png,http://astronomy.sussex.ac.uk/~pr83/des_sv/not_done/xray/0553910601.png,0
XMMXCSJ022347.50-025134.4,http://astronomy.sussex.ac.uk/~pr83/des_sv/des_images/all_jpegs/desdm_xcs_xcontours_XMMXCSJ022347.50-025134.4.jpg,http://astronomy.sussex.ac.uk/~pr83/des_sv/images/xray/0037981601-35.947915--2.8595532.jpeg,http://astronomy.sussex.ac.uk/~pr83/des_sv/images/xray/0037981601.jpeg,0
XMMXCSJ022350.88-053643.9,http://astronomy.sussex.ac.uk/~pr83/des_sv/not_done/optical/desdm_xcs_xcontours_XMMXCSJ022350.88-053643.9.jpg,http://astronomy.sussex.ac.uk/~pr83/des_sv/not_done/xray/0553910601-35.962016--5.6121862.png,http://astronomy.sussex.ac.uk/~pr83/des_sv/not_done/xray/0553910601.png,0
XMMXCSJ022356.32-030556.8,http://astronomy.sussex.ac.uk/~pr83/des_sv/des_images/all_jpegs/desdm_xcs_xcontours_XMMXCSJ022356.32-030556.8.jpg,http://astronomy.sussex.ac.uk/~pr83/des_sv/images/xray/0037981201-35.984646--3.0991041.jpeg,http://astronomy.sussex.ac.uk/~pr83/des_sv/images/xray/0037981201.jpeg,0
XMMXCSJ022357.6-043519.7,http://astronomy.sussex.ac.uk/~pr83/des_sv/images/optical/desdm_xcs_xcontours_XMMXCSJ022357.6-043519.7.jpg,http://astronomy.sussex.ac.uk/~pr83/des_sv/images/xray/0112680501-35.989948--4.5888034.jpeg,http://astronomy.sussex.ac.uk/~pr83/des_sv/images/xray/0112680501.jpeg,0
XMMXCSJ022400.22-032518.5,http://astronomy.sussex.ac.uk/~pr83/des_sv/des_images/all_jpegs/desdm_xcs_xcontours_XMMXCSJ022400.22-032518.5.jpg,http://astronomy.sussex.ac.uk/~pr83/des_sv/images/xray/0037980801-36.000924--3.4217959.jpeg,http://astronomy.sussex.ac.uk/~pr83/des_sv/images/xray/0037980801.jpeg,0
XMMXCSJ022401.1-050542.2,http://astronomy.sussex.ac.uk/~pr83/des_sv/images/optical/desdm_xcs_xcontours_XMMXCSJ022401.1-050542.2.jpg,http://astronomy.sussex.ac.uk/~pr83/des_sv/images/xray/0111110401-36.004554--5.0950500.jpeg,http://astronomy.sussex.ac.uk/~pr83/des_sv/images/xray/0111110401.jpeg,0
XMMXCSJ022403.9-041331.7,http://astronomy.sussex.ac.uk/~pr83/des_sv/images/optical/desdm_xcs_xcontours_XMMXCSJ022403.9-041331.7.jpg,http://astronomy.sussex.ac.uk/~pr83/des_sv/images/xray/0210490101-36.016173--4.2254724.jpeg,http://astronomy.sussex.ac.uk/~pr83/des_sv/images/xray/0210490101.jpeg,0
XMMXCSJ022415.31-024335.1,http://astronomy.sussex.ac.uk/~pr83/des_sv/des_images/all_jpegs/desdm_xcs_xcontours_XMMXCSJ022415.31-024335.1.jpg,http://astronomy.sussex.ac.uk/~pr83/des_sv/images/xray/0404960301-36.063775--2.7264147.jpeg,http://astronomy.sussex.ac.uk/~pr83/des_sv/images/xray/0404960301.jpeg,0
XMMXCSJ022433.9-041442.7,http://astronomy.sussex.ac.uk/~pr83/des_sv/not_done/optical/desdm_xcs_xcontours_XMMXCSJ022433.23-041423.8.jpg,http://astronomy.sussex.ac.uk/~pr83/des_sv/images/xray/0210490101-36.141068--4.2451898.jpeg,http://astronomy.sussex.ac.uk/~pr83/des_sv/images/xray/0210490101.jpeg,0
XMMXCSJ022455.0-050835.9,http://astronomy.sussex.ac.uk/~pr83/des_sv/images/optical/desdm_xcs_xcontours_XMMXCSJ022455.0-050835.9.jpg,http://astronomy.sussex.ac.uk/~pr83/des_sv/images/xray/0111110301-36.229157--5.1433066.jpeg,http://astronomy.sussex.ac.uk/~pr83/des_sv/images/xray/0111110301.jpeg,0
XMMXCSJ022512.2-062307.9,http://astronomy.sussex.ac.uk/~pr83/des_sv/images/optical/desdm_xcs_xcontours_XMMXCSJ022512.2-062307.9.jpg,http://astronomy.sussex.ac.uk/~pr83/des_sv/images/xray/0655343801-prep_mosaic_006-36.300674--6.3855158.jpeg,http://astronomy.sussex.ac.uk/~pr83/des_sv/images/xray/0655343801-prep_mosaic_006.jpeg,0
XMMXCSJ022512.31-053112.3,http://astronomy.sussex.ac.uk/~pr83/des_sv/not_done/optical/desdm_xcs_xcontours_XMMXCSJ022512.31-053112.3.jpg,http://astronomy.sussex.ac.uk/~pr83/des_sv/not_done/xray/0553910501-36.301277--5.5200707.png,http://astronomy.sussex.ac.uk/~pr83/des_sv/not_done/xray/0553910501.png,0
XMMXCSJ022524.7-044043.9,http://astronomy.sussex.ac.uk/~pr83/des_sv/images/optical/desdm_xcs_xcontours_XMMXCSJ022524.7-044043.9.jpg,http://astronomy.sussex.ac.uk/~pr83/des_sv/images/xray/0112681001-36.352988--4.6788740.jpeg,http://astronomy.sussex.ac.uk/~pr83/des_sv/images/xray/0112681001.jpeg,0
XMMXCSJ022529.8-041432.7,http://astronomy.sussex.ac.uk/~pr83/des_sv/images/optical/desdm_xcs_xcontours_XMMXCSJ022529.8-041432.7.jpg,http://astronomy.sussex.ac.uk/~pr83/des_sv/images/xray/0112680301-36.373965--4.2424117.jpeg,http://astronomy.sussex.ac.uk/~pr83/des_sv/images/xray/0112680301.jpeg,0
XMMXCSJ022532.42-035502.4,http://astronomy.sussex.ac.uk/~pr83/des_sv/not_done/optical/desdm_xcs_xcontours_XMMXCSJ022532.42-035502.4.jpg,http://astronomy.sussex.ac.uk/~pr83/des_sv/not_done/xray/0037980301-36.385079--3.9173300.png,http://astronomy.sussex.ac.uk/~pr83/des_sv/not_done/xray/0037980301.png,0
XMMXCSJ022549.02-055339.3,http://astronomy.sussex.ac.uk/~pr83/des_sv/not_done/optical/desdm_xcs_xcontours_XMMXCSJ022549.02-055339.3.jpg,http://astronomy.sussex.ac.uk/~pr83/des_sv/not_done/xray/0404965201-36.454254--5.8942433.png,http://astronomy.sussex.ac.uk/~pr83/des_sv/not_done/xray/0404965201.png,0
XMMXCSJ022556.24-053825.0,http://astronomy.sussex.ac.uk/~pr83/des_sv/not_done/optical/desdm_xcs_xcontours_XMMXCSJ022556.24-053825.0.jpg,http://astronomy.sussex.ac.uk/~pr83/des_sv/not_done/xray/0404969201-36.484320--5.6402832.png,http://astronomy.sussex.ac.uk/~pr83/des_sv/not_done/xray/0404969201.png,0
XMMXCSJ022559.68-024932.4,http://astronomy.sussex.ac.uk/~pr83/des_sv/des_images/all_jpegs/desdm_xcs_xcontours_XMMXCSJ022559.68-024932.4.jpg,http://astronomy.sussex.ac.uk/~pr83/des_sv/images/xray/0037981801-36.498646--2.8256674.jpeg,http://astronomy.sussex.ac.uk/~pr83/des_sv/images/xray/0037981801.jpeg,0
XMMXCSJ022616.24-023954.2,http://astronomy.sussex.ac.uk/~pr83/des_sv/des_images/all_jpegs/desdm_xcs_xcontours_XMMXCSJ022616.24-023954.2.jpg,http://astronomy.sussex.ac.uk/~pr83/des_sv/images/xray/0037981801-36.567668--2.6650687.jpeg,http://astronomy.sussex.ac.uk/~pr83/des_sv/images/xray/0037981801.jpeg,0
XMMXCSJ022632.5-054651.9,http://astronomy.sussex.ac.uk/~pr83/des_sv/images/optical/desdm_xcs_xcontours_XMMXCSJ022632.5-054651.9.jpg,http://astronomy.sussex.ac.uk/~pr83/des_sv/images/xray/0677600101-prep_mosaic_001-36.635435--5.7810721.jpeg,http://astronomy.sussex.ac.uk/~pr83/des_sv/images/xray/0677600101-prep_mosaic_001.jpeg,0
XMMXCSJ022634.75-040408.0,http://astronomy.sussex.ac.uk/~pr83/des_sv/not_done/optical/desdm_xcs_xcontours_XMMXCSJ022634.75-040408.0.jpg,http://astronomy.sussex.ac.uk/~pr83/des_sv/not_done/xray/0112680101-36.644801--4.0688840.png,http://astronomy.sussex.ac.uk/~pr83/des_sv/not_done/xray/0112680101.png,0
XMMXCSJ022722.82-032147.3,http://astronomy.sussex.ac.uk/~pr83/des_sv/not_done/optical/desdm_xcs_xcontours_XMMXCSJ022722.82-032147.3.jpg,http://astronomy.sussex.ac.uk/~pr83/des_sv/not_done/xray/0037981001-36.845099--3.3631398.png,http://astronomy.sussex.ac.uk/~pr83/des_sv/not_done/xray/0037981001.png,0
XMMXCSJ022726.4-043206.8,http://astronomy.sussex.ac.uk/~pr83/des_sv/images/optical/desdm_xcs_xcontours_XMMXCSJ022726.4-043206.8.jpg,http://astronomy.sussex.ac.uk/~pr83/des_sv/images/xray/0112680401-36.859908--4.5352096.jpeg,http://astronomy.sussex.ac.uk/~pr83/des_sv/images/xray/0112680401.jpeg,0
XMMXCSJ022738.39-031804.0,http://astronomy.sussex.ac.uk/~pr83/des_sv/not_done/optical/desdm_xcs_xcontours_XMMXCSJ022738.39-031804.0.jpg,http://astronomy.sussex.ac.uk/~pr83/des_sv/not_done/xray/0651770101-36.909959--3.3011182.png,http://astronomy.sussex.ac.uk/~pr83/des_sv/not_done/xray/0651770101.png,0
XMMXCSJ022738.48-031759.7,http://astronomy.sussex.ac.uk/~pr83/des_sv/images/optical/all_jpegs_mosaic/desdm_xcs_xcontours_XMMXCSJ022738.48-031759.7.jpg,http://astronomy.sussex.ac.uk/~pr83/des_sv/images/xray/0037981501-36.910328--3.2999054.jpeg,http://astronomy.sussex.ac.uk/~pr83/des_sv/images/xray/0037981501.jpeg,0
XMMXCSJ022740.4-045129.9,http://astronomy.sussex.ac.uk/~pr83/des_sv/images/optical/desdm_xcs_xcontours_XMMXCSJ022740.4-045129.9.jpg,http://astronomy.sussex.ac.uk/~pr83/des_sv/images/xray/0109520201-36.918387--4.8583095.jpeg,http://astronomy.sussex.ac.uk/~pr83/des_sv/images/xray/0109520201.jpeg,0
XMMXCSJ022802.85-045101.1,http://astronomy.sussex.ac.uk/~pr83/des_sv/not_done/optical/desdm_xcs_xcontours_XMMXCSJ022802.85-045101.1.jpg,http://astronomy.sussex.ac.uk/~pr83/des_sv/not_done/xray/0109520201-37.011880--4.8503050.png,http://astronomy.sussex.ac.uk/~pr83/des_sv/not_done/xray/0109520201.png,0
XMMXCSJ022808.41-053553.2,http://astronomy.sussex.ac.uk/~pr83/des_sv/not_done/optical/desdm_xcs_xcontours_XMMXCSJ022808.41-053553.2.jpg,http://astronomy.sussex.ac.uk/~pr83/des_sv/not_done/xray/0404964701-37.035048--5.5981185.png,http://astronomy.sussex.ac.uk/~pr83/des_sv/not_done/xray/0404964701.png,0
XMMXCSJ022827.3-042542.5,http://astronomy.sussex.ac.uk/~pr83/des_sv/images/optical/desdm_xcs_xcontours_XMMXCSJ022827.3-042542.5.jpg,http://astronomy.sussex.ac.uk/~pr83/des_sv/images/xray/0112680401-37.113681--4.4284596.jpeg,http://astronomy.sussex.ac.uk/~pr83/des_sv/images/xray/0112680401.jpeg,0
XMMXCSJ022829.4-045125.6,http://astronomy.sussex.ac.uk/~pr83/des_sv/images/optical/desdm_xcs_xcontours_XMMXCSJ022829.4-045125.6.jpg,http://astronomy.sussex.ac.uk/~pr83/des_sv/images/xray/0677590101-prep_mosaic_001-37.122412--4.8570987.jpeg,http://astronomy.sussex.ac.uk/~pr83/des_sv/images/xray/0677590101-prep_mosaic_001.jpeg,0
XMMXCSJ022829.83-031257.2,http://astronomy.sussex.ac.uk/~pr83/des_sv/des_images/all_jpegs/desdm_xcs_xcontours_XMMXCSJ022829.83-031257.2.jpg,http://astronomy.sussex.ac.uk/~pr83/des_sv/images/xray/0037981501-37.124273--3.2158905.jpeg,http://astronomy.sussex.ac.uk/~pr83/des_sv/images/xray/0037981501.jpeg,0
XMMXCSJ022830.3-044358.0,http://astronomy.sussex.ac.uk/~pr83/des_sv/images/optical/desdm_xcs_xcontours_XMMXCSJ022830.3-044358.0.jpg,http://astronomy.sussex.ac.uk/~pr83/des_sv/images/xray/0677590101-prep_mosaic_001-37.126078--4.7327779.jpeg,http://astronomy.sussex.ac.uk/~pr83/des_sv/images/xray/0677590101-prep_mosaic_001.jpeg,0
XMMXCSJ022933.3-043953.8,http://astronomy.sussex.ac.uk/~pr83/des_sv/images/optical/desdm_xcs_xcontours_XMMXCSJ022933.3-043953.8.jpg,http://astronomy.sussex.ac.uk/~pr83/des_sv/images/xray/0677580101-prep_mosaic_002-37.388649--4.6649496.jpeg,http://astronomy.sussex.ac.uk/~pr83/des_sv/images/xray/0677580101-prep_mosaic_002.jpeg,0
XMMXCSJ023007.4-043125.6,http://astronomy.sussex.ac.uk/~pr83/des_sv/images/optical/desdm_xcs_xcontours_XMMXCSJ023007.4-043125.6.jpg,http://astronomy.sussex.ac.uk/~pr83/des_sv/images/xray/0677580101-prep_mosaic_002-37.530645--4.5237807.jpeg,http://astronomy.sussex.ac.uk/~pr83/des_sv/images/xray/0677580101-prep_mosaic_002.jpeg,0
XMMXCSJ023008.9-054034.5,http://astronomy.sussex.ac.uk/~pr83/des_sv/images/optical/all_jpegs_mosaic/desdm_xcs_xcontours_XMMXCSJ023008.9-054034.5.jpg,http://astronomy.sussex.ac.uk/~pr83/des_sv/images/xray/0677600101-prep_mosaic_005-37.53696--5.6762403.jpeg,http://astronomy.sussex.ac.uk/~pr83/des_sv/images/xray/0677600101-prep_mosaic_005.jpeg,0
XMMXCSJ023038.7-045930.3,http://astronomy.sussex.ac.uk/~pr83/des_sv/images/optical/desdm_xcs_xcontours_XMMXCSJ023038.7-045930.3.jpg,http://astronomy.sussex.ac.uk/~pr83/des_sv/images/xray/0677590101-prep_mosaic_004-37.66103--4.9917463.jpeg,http://astronomy.sussex.ac.uk/~pr83/des_sv/images/xray/0677590101-prep_mosaic_004.jpeg,0
XMMXCSJ023052.5-045128.7,http://astronomy.sussex.ac.uk/~pr83/des_sv/images/optical/desdm_xcs_xcontours_XMMXCSJ023052.5-045128.7.jpg,http://astronomy.sussex.ac.uk/~pr83/des_sv/images/xray/0677590101-prep_mosaic_003-37.718866--4.8579617.jpeg,http://astronomy.sussex.ac.uk/~pr83/des_sv/images/xray/0677590101-prep_mosaic_003.jpeg,0
XMMXCSJ023053.21-045130.4,http://astronomy.sussex.ac.uk/~pr83/des_sv/images/optical/all_jpegs_mosaic/desdm_xcs_xcontours_XMMXCSJ023053.21-045130.4.jpg,http://astronomy.sussex.ac.uk/~pr83/des_sv/images/xray/0677590101-37.721709--4.8584413.jpeg,http://astronomy.sussex.ac.uk/~pr83/des_sv/images/xray/0677590101.jpeg,0
XMMXCSJ023142.3-045253.7,http://astronomy.sussex.ac.uk/~pr83/des_sv/images/optical/all_jpegs_mosaic/desdm_xcs_xcontours_XMMXCSJ023142.3-045253.7.jpg,http://astronomy.sussex.ac.uk/~pr83/des_sv/images/xray/0677590101-prep_mosaic_005-37.92605--4.8815733.jpeg,http://astronomy.sussex.ac.uk/~pr83/des_sv/images/xray/0677590101-prep_mosaic_005.jpeg,0
XMMXCSJ023214.8-040128.8,http://astronomy.sussex.ac.uk/~pr83/des_sv/images/optical/all_jpegs_mosaic/desdm_xcs_xcontours_XMMXCSJ023214.8-040128.8.jpg,http://astronomy.sussex.ac.uk/~pr83/des_sv/images/xray/0677580101-prep_mosaic_007-38.061772--4.0246639.jpeg,http://astronomy.sussex.ac.uk/~pr83/des_sv/images/xray/0677580101-prep_mosaic_007.jpeg,0
XMMXCSJ023234.1-044552.3,http://astronomy.sussex.ac.uk/~pr83/des_sv/images/optical/all_jpegs_mosaic/desdm_xcs_xcontours_XMMXCSJ023234.1-044552.3.jpg,http://astronomy.sussex.ac.uk/~pr83/des_sv/images/xray/0677590101-prep_mosaic_007-38.142119--4.7645337.jpeg,http://astronomy.sussex.ac.uk/~pr83/des_sv/images/xray/0677590101-prep_mosaic_007.jpeg,0
XMMXCSJ023337.7-053026.5,http://astronomy.sussex.ac.uk/~pr83/des_sv/images/optical/all_jpegs_mosaic/desdm_xcs_xcontours_XMMXCSJ023337.7-053026.5.jpg,http://astronomy.sussex.ac.uk/~pr83/des_sv/images/xray/0677600101-prep_mosaic_011-38.406892--5.5073691.jpeg,http://astronomy.sussex.ac.uk/~pr83/des_sv/images/xray/0677600101-prep_mosaic_011.jpeg,0
XMMXCSJ033150.80-273936.3,http://astronomy.sussex.ac.uk/~pr83/des_sv/des_images/all_jpegs/jpegs_y1c_all/desdm_xcs_xcontours_XMMXCSJ033150.80-273936.3.jpg,http://astronomy.sussex.ac.uk/~pr83/des_sv/images/xray/0555780901-52.961675--27.660082.png,http://astronomy.sussex.ac.uk/~pr83/des_sv/images/xray/0555780901.jpeg,0
XMMXCSJ033151.23-274936.2,http://astronomy.sussex.ac.uk/~pr83/des_sv/des_images/all_jpegs/jpegs_y1c_all/desdm_xcs_xcontours_XMMXCSJ033151.23-274936.2.jpg,http://astronomy.sussex.ac.uk/~pr83/des_sv/images/xray/0604961801-52.963456--27.826730.png,http://astronomy.sussex.ac.uk/~pr83/des_sv/images/xray/0604961801.jpeg,0
XMMXCSJ034004.0-283150.6,http://astronomy.sussex.ac.uk/~pr83/des_sv/images/optical/desdm_xcs_xcontours_XMMXCSJ034004.0-283150.6.jpg,http://astronomy.sussex.ac.uk/~pr83/des_sv/images/xray/0653770101-55.016688--28.530730.jpeg,http://astronomy.sussex.ac.uk/~pr83/des_sv/images/xray/0653770101.jpeg,0
XMMXCSJ034025.95-284025.4,http://astronomy.sussex.ac.uk/~pr83/des_sv/des_images/all_jpegs/jpegs_y1c_all/desdm_xcs_xcontours_XMMXCSJ034025.95-284025.4.jpg,http://astronomy.sussex.ac.uk/~pr83/des_sv/images/xray/0653770101-55.108142--28.673719.png,http://astronomy.sussex.ac.uk/~pr83/des_sv/images/xray/0653770101.jpeg,0
XMMXCSJ034026.03-282835.8,http://astronomy.sussex.ac.uk/~pr83/des_sv/des_images/all_jpegs/jpegs_y1c_all/desdm_xcs_xcontours_XMMXCSJ034026.03-282835.8.jpg,http://astronomy.sussex.ac.uk/~pr83/des_sv/images/xray/0653770101-55.108462--28.476617.png,http://astronomy.sussex.ac.uk/~pr83/des_sv/images/xray/0653770101.jpeg,0
XMMXCSJ041646.0-552510.4,http://astronomy.sussex.ac.uk/~pr83/des_sv/images/optical/desdm_xcs_xcontours_XMMXCSJ041646.0-552510.4.jpg,http://astronomy.sussex.ac.uk/~pr83/des_sv/images/xray/0205090201-64.191610--55.419564.jpeg,http://astronomy.sussex.ac.uk/~pr83/des_sv/images/xray/0205090201.jpeg,0
XMMXCSJ042017.8-503155.0,http://astronomy.sussex.ac.uk/~pr83/des_sv/images/optical/desdm_xcs_xcontours_XMMXCSJ042017.8-503155.0.jpg,http://astronomy.sussex.ac.uk/~pr83/des_sv/images/xray/0141751001-65.074052--50.531955.jpeg,http://astronomy.sussex.ac.uk/~pr83/des_sv/images/xray/0141751001.jpeg,0
XMMXCSJ042226.36-514029.7,http://astronomy.sussex.ac.uk/~pr83/des_sv/des_images/all_jpegs/jpegs_y1c_all/desdm_xcs_xcontours_XMMXCSJ042226.36-514029.7.jpg,http://astronomy.sussex.ac.uk/~pr83/des_sv/images/xray/0651580101-65.609825--51.674906.png,http://astronomy.sussex.ac.uk/~pr83/des_sv/images/xray/0651580101.jpeg,0
XMMXCSJ043124.74-612549.2,http://astronomy.sussex.ac.uk/~pr83/des_sv/des_images/all_jpegs/jpegs_y1c_all/desdm_xcs_xcontours_XMMXCSJ043124.74-612549.2.jpg,http://astronomy.sussex.ac.uk/~pr83/des_sv/images/xray/0105260901-67.853098--61.430346.png,http://astronomy.sussex.ac.uk/~pr83/des_sv/images/xray/0105260901.jpeg,0
XMMXCSJ043218.04-610356.5,http://astronomy.sussex.ac.uk/~pr83/des_sv/des_images/all_jpegs/jpegs_y1c_all/desdm_xcs_xcontours_XMMXCSJ043218.04-610356.5.jpg,http://astronomy.sussex.ac.uk/~pr83/des_sv/images/xray/0105260801-68.075169--61.065688.png,http://astronomy.sussex.ac.uk/~pr83/des_sv/images/xray/0105260801.jpeg,0
XMMXCSJ043318.93-614013.7,http://astronomy.sussex.ac.uk/~pr83/des_sv/des_images/all_jpegs/jpegs_y1c_all/desdm_xcs_xcontours_XMMXCSJ043318.93-614013.7.jpg,http://astronomy.sussex.ac.uk/~pr83/des_sv/images/xray/0105261101-68.328894--61.670484.png,http://astronomy.sussex.ac.uk/~pr83/des_sv/images/xray/0105261101.jpeg,0
XMMXCSJ043706.81-541413.0,http://astronomy.sussex.ac.uk/~pr83/des_sv/des_images/all_jpegs/jpegs_y1c_all/desdm_xcs_xcontours_XMMXCSJ043706.81-541413.0.jpg,http://astronomy.sussex.ac.uk/~pr83/des_sv/images/xray/0656201601-69.278392--54.236955.png,http://astronomy.sussex.ac.uk/~pr83/des_sv/images/xray/0656201601.jpeg,0
XMMXCSJ043708.09-542908.8,http://astronomy.sussex.ac.uk/~pr83/des_sv/des_images/all_jpegs/jpegs_y1c_all/desdm_xcs_xcontours_XMMXCSJ043708.09-542908.8.jpg,http://astronomy.sussex.ac.uk/~pr83/des_sv/images/xray/0656201601-69.283725--54.485771.png,http://astronomy.sussex.ac.uk/~pr83/des_sv/images/xray/0656201601.jpeg,0
XMMXCSJ043818.09-541917.5,http://astronomy.sussex.ac.uk/~pr83/des_sv/des_images/all_jpegs/jpegs_y1c_all/desdm_xcs_xcontours_XMMXCSJ043818.09-541917.5.jpg,http://astronomy.sussex.ac.uk/~pr83/des_sv/images/xray/0656201601-69.575376--54.321519.png,http://astronomy.sussex.ac.uk/~pr83/des_sv/images/xray/0656201601.jpeg,0
XMMXCSJ043940.82-542412.9,http://astronomy.sussex.ac.uk/~pr83/des_sv/des_images/all_jpegs/jpegs_y1c_all/desdm_xcs_xcontours_XMMXCSJ043940.82-542412.9.jpg,http://astronomy.sussex.ac.uk/~pr83/des_sv/images/xray/0656201601-69.920084--54.403596.png,http://astronomy.sussex.ac.uk/~pr83/des_sv/images/xray/0656201601.jpeg,0
XMMXCSJ045421.2-531531.1,http://astronomy.sussex.ac.uk/~pr83/des_sv/images/optical/desdm_xcs_xcontours_XMMXCSJ045421.2-531531.1.jpg,http://astronomy.sussex.ac.uk/~pr83/des_sv/images/xray/0148650101-73.588502--53.258626.jpeg,http://astronomy.sussex.ac.uk/~pr83/des_sv/images/xray/0148650101.jpeg,0
XMMXCSJ045506.1-532343.2,http://astronomy.sussex.ac.uk/~pr83/des_sv/images/optical/desdm_xcs_xcontours_XMMXCSJ045506.1-532343.2.jpg,http://astronomy.sussex.ac.uk/~pr83/des_sv/images/xray/0148650101-73.775403--53.395347.jpeg,http://astronomy.sussex.ac.uk/~pr83/des_sv/images/xray/0148650101.jpeg,0
XMMXCSJ051141.31-515420.8,http://astronomy.sussex.ac.uk/~pr83/des_sv/des_images/all_jpegs/desdm_xcs_xcontours_XMMXCSJ051141.31-515420.8.jpg,http://astronomy.sussex.ac.uk/~pr83/des_sv/images/xray/0675010801-77.922132--51.905791.jpeg,http://astronomy.sussex.ac.uk/~pr83/des_sv/images/xray/0675010801.jpeg,0
XMMXCSJ051636.81-543113.3,http://astronomy.sussex.ac.uk/~pr83/des_sv/des_images/all_jpegs/desdm_xcs_xcontours_XMMXCSJ051636.81-543113.3.jpg,http://astronomy.sussex.ac.uk/~pr83/des_sv/images/xray/0205330301-79.153364--54.520352.jpeg,http://astronomy.sussex.ac.uk/~pr83/des_sv/images/xray/0205330301.jpeg,0
XMMXCSJ065829.1-555641.5,http://astronomy.sussex.ac.uk/~pr83/des_sv/images/optical/desdm_xcs_xcontours_XMMXCSJ065829.1-555641.5.jpg,http://astronomy.sussex.ac.uk/~pr83/des_sv/images/xray/0112980201-104.62122--55.944854.jpeg,http://astronomy.sussex.ac.uk/~pr83/des_sv/images/xray/0112980201.jpeg,0
XMMXCSJ065860.0-560926.8,http://astronomy.sussex.ac.uk/~pr83/des_sv/images/optical/desdm_xcs_xcontours_XMMXCSJ065860.0-560926.8.jpg,http://astronomy.sussex.ac.uk/~pr83/des_sv/images/xray/0112980201-104.74991--56.157434.jpeg,http://astronomy.sussex.ac.uk/~pr83/des_sv/images/xray/0112980201.jpeg,0
XMMXCSJ095737.07+023428.5,http://astronomy.sussex.ac.uk/~pr83/des_sv/not_done/optical/desdm_xcs_xcontours_XMMXCSJ095737.07+023428.5.jpg,http://astronomy.sussex.ac.uk/~pr83/des_sv/not_done/xray/0203362101-149.40444-2.5745713.png,http://astronomy.sussex.ac.uk/~pr83/des_sv/not_done/xray/0203362101.png,0
XMMXCSJ095823.49+024920.2,http://astronomy.sussex.ac.uk/~pr83/des_sv/not_done/optical/desdm_xcs_xcontours_XMMXCSJ095823.49+024920.2.jpg,http://astronomy.sussex.ac.uk/~pr83/des_sv/not_done/xray/0203362101-149.59789-2.8222827.png,http://astronomy.sussex.ac.uk/~pr83/des_sv/not_done/xray/0203362101.png,0
XMMXCSJ095846.90+021550.8,http://astronomy.sussex.ac.uk/~pr83/des_sv/des_images/all_jpegs/desdm_xcs_xcontours_XMMXCSJ095846.90+021550.8.jpg,http://astronomy.sussex.ac.uk/~pr83/des_sv/images/xray/0203362301-149.69541-2.2641186.jpeg,http://astronomy.sussex.ac.uk/~pr83/des_sv/images/xray/0203362301.jpeg,0
XMMXCSJ095902.73+025544.3,http://astronomy.sussex.ac.uk/~pr83/des_sv/not_done/optical/desdm_xcs_xcontours_XMMXCSJ095902.73+025544.3.jpg,http://astronomy.sussex.ac.uk/~pr83/des_sv/not_done/xray/0302351601-149.76138-2.9289815.png,http://astronomy.sussex.ac.uk/~pr83/des_sv/not_done/xray/0302351601.png,0
XMMXCSJ095924.73+014615.7,http://astronomy.sussex.ac.uk/~pr83/des_sv/des_images/all_jpegs/desdm_xcs_xcontours_XMMXCSJ095924.73+014615.7.jpg,http://astronomy.sussex.ac.uk/~pr83/des_sv/images/xray/0203361901-149.85304-1.7710333.jpeg,http://astronomy.sussex.ac.uk/~pr83/des_sv/images/xray/0203361901.jpeg,0
XMMXCSJ095931.63+022657.2,http://astronomy.sussex.ac.uk/~pr83/des_sv/des_images/all_jpegs/desdm_xcs_xcontours_XMMXCSJ095931.63+022657.2.jpg,http://astronomy.sussex.ac.uk/~pr83/des_sv/images/xray/0203361201-149.88180-2.4492354.jpeg,http://astronomy.sussex.ac.uk/~pr83/des_sv/images/xray/0203361201.jpeg,0
XMMXCSJ095934.96+015647.3,http://astronomy.sussex.ac.uk/~pr83/des_sv/not_done/optical/desdm_xcs_xcontours_XMMXCSJ095934.96+015647.3.jpg,http://astronomy.sussex.ac.uk/~pr83/des_sv/not_done/xray/0203361901-149.89568-1.9464596.png,http://astronomy.sussex.ac.uk/~pr83/des_sv/not_done/xray/0203361901.png,0
XMMXCSJ095944.68+023619.8,http://astronomy.sussex.ac.uk/~pr83/des_sv/des_images/all_jpegs/desdm_xcs_xcontours_XMMXCSJ095944.68+023619.8.jpg,http://astronomy.sussex.ac.uk/~pr83/des_sv/images/xray/0302351601-149.93618-2.6054872.jpeg,http://astronomy.sussex.ac.uk/~pr83/des_sv/images/xray/0302351601.jpeg,0
XMMXCSJ095947.18+025529.1,http://astronomy.sussex.ac.uk/~pr83/des_sv/des_images/all_jpegs/desdm_xcs_xcontours_XMMXCSJ095947.18+025529.1.jpg,http://astronomy.sussex.ac.uk/~pr83/des_sv/images/xray/0203361601-149.94658-2.9247535.jpeg,http://astronomy.sussex.ac.uk/~pr83/des_sv/images/xray/0203361601.jpeg,0
XMMXCSJ095951.46+014051.8,http://astronomy.sussex.ac.uk/~pr83/des_sv/des_images/all_jpegs/desdm_xcs_xcontours_XMMXCSJ095951.46+014051.8.jpg,http://astronomy.sussex.ac.uk/~pr83/des_sv/images/xray/0203361501-149.96442-1.6810542.jpeg,http://astronomy.sussex.ac.uk/~pr83/des_sv/images/xray/0203361501.jpeg,0
XMMXCSJ100021.72+022329.3,http://astronomy.sussex.ac.uk/~pr83/des_sv/des_images/all_jpegs/desdm_xcs_xcontours_XMMXCSJ100021.72+022329.3.jpg,http://astronomy.sussex.ac.uk/~pr83/des_sv/images/xray/0203361301-150.09051-2.3914741.jpeg,http://astronomy.sussex.ac.uk/~pr83/des_sv/images/xray/0203361301.jpeg,0
XMMXCSJ100027.26+022135.9,http://astronomy.sussex.ac.uk/~pr83/des_sv/des_images/all_jpegs/desdm_xcs_xcontours_XMMXCSJ100027.26+022135.9.jpg,http://astronomy.sussex.ac.uk/~pr83/des_sv/images/xray/0302351201-150.11359-2.3599608.jpeg,http://astronomy.sussex.ac.uk/~pr83/des_sv/images/xray/0302351201.jpeg,0
XMMXCSJ100043.28+014608.0,http://astronomy.sussex.ac.uk/~pr83/des_sv/des_images/all_jpegs/desdm_xcs_xcontours_XMMXCSJ100043.28+014608.0.jpg,http://astronomy.sussex.ac.uk/~pr83/des_sv/images/xray/0302351501-150.18034-1.7688921.jpeg,http://astronomy.sussex.ac.uk/~pr83/des_sv/images/xray/0302351501.jpeg,0
XMMXCSJ100047.16+015917.0,http://astronomy.sussex.ac.uk/~pr83/des_sv/des_images/all_jpegs/desdm_xcs_xcontours_XMMXCSJ100047.16+015917.0.jpg,http://astronomy.sussex.ac.uk/~pr83/des_sv/images/xray/0302353401-150.19652-1.9880433.jpeg,http://astronomy.sussex.ac.uk/~pr83/des_sv/images/xray/0302353401.jpeg,0
XMMXCSJ100047.40+013927.7,http://astronomy.sussex.ac.uk/~pr83/des_sv/des_images/all_jpegs/desdm_xcs_xcontours_XMMXCSJ100047.40+013927.7.jpg,http://astronomy.sussex.ac.uk/~pr83/des_sv/images/xray/0302351001-150.19750-1.6576977.jpeg,http://astronomy.sussex.ac.uk/~pr83/des_sv/images/xray/0302351001.jpeg,0
XMMXCSJ100056.16+023339.2,http://astronomy.sussex.ac.uk/~pr83/des_sv/des_images/all_jpegs/desdm_xcs_xcontours_XMMXCSJ100056.16+023339.2.jpg,http://astronomy.sussex.ac.uk/~pr83/des_sv/images/xray/0203360601-150.23399-2.5608751.jpeg,http://astronomy.sussex.ac.uk/~pr83/des_sv/images/xray/0203360601.jpeg,0
XMMXCSJ100109.18+013336.0,http://astronomy.sussex.ac.uk/~pr83/des_sv/des_images/all_jpegs/desdm_xcs_xcontours_XMMXCSJ100109.18+013336.0.jpg,http://astronomy.sussex.ac.uk/~pr83/des_sv/images/xray/0302351001-150.28827-1.5599967.jpeg,http://astronomy.sussex.ac.uk/~pr83/des_sv/images/xray/0302351001.jpeg,0
XMMXCSJ100141.74+022538.0,http://astronomy.sussex.ac.uk/~pr83/des_sv/des_images/all_jpegs/desdm_xcs_xcontours_XMMXCSJ100141.74+022538.0.jpg,http://astronomy.sussex.ac.uk/~pr83/des_sv/images/xray/0203360701-150.42391-2.4272312.jpeg,http://astronomy.sussex.ac.uk/~pr83/des_sv/images/xray/0203360701.jpeg,0
XMMXCSJ100142.56+014059.4,http://astronomy.sussex.ac.uk/~pr83/des_sv/des_images/all_jpegs/desdm_xcs_xcontours_XMMXCSJ100142.56+014059.4.jpg,http://astronomy.sussex.ac.uk/~pr83/des_sv/images/xray/0302351001-150.42733-1.6831757.jpeg,http://astronomy.sussex.ac.uk/~pr83/des_sv/images/xray/0302351001.jpeg,0
XMMXCSJ100201.42+021334.2,http://astronomy.sussex.ac.uk/~pr83/des_sv/des_images/all_jpegs/desdm_xcs_xcontours_XMMXCSJ100201.42+021334.2.jpg,http://astronomy.sussex.ac.uk/~pr83/des_sv/images/xray/0203360801-150.50592-2.2261702.jpeg,http://astronomy.sussex.ac.uk/~pr83/des_sv/images/xray/0203360801.jpeg,0
XMMXCSJ224824.71-444226.5,http://astronomy.sussex.ac.uk/~pr83/des_sv/images/optical/all_jpegs_mosaic/desdm_xcs_xcontours_XMMXCSJ224824.71-444226.5.jpg,http://astronomy.sussex.ac.uk/~pr83/des_sv/images/xray/0504630101-342.10297--44.707373.jpeg,http://astronomy.sussex.ac.uk/~pr83/des_sv/images/xray/0504630101.jpeg,0
XMMXCSJ224844.80-443142.6,http://astronomy.sussex.ac.uk/~pr83/des_sv/des_images/all_jpegs/jpegs_y1c_all/desdm_xcs_xcontours_XMMXCSJ224844.80-443142.6.jpg,http://astronomy.sussex.ac.uk/~pr83/des_sv/images/xray/0504630101-342.18668--44.528507.png,http://astronomy.sussex.ac.uk/~pr83/des_sv/images/xray/0504630101.jpeg,0
XMMXCSJ232713.3-560335.2,http://astronomy.sussex.ac.uk/~pr83/des_sv/images/optical/desdm_xcs_xcontours_XMMXCSJ232713.3-560335.2.jpg,http://astronomy.sussex.ac.uk/~pr83/des_sv/images/xray/0677800101-prep_mosaic_004-351.80545--56.059764.jpeg,http://astronomy.sussex.ac.uk/~pr83/des_sv/images/xray/0677800101-prep_mosaic_004.jpeg,0
XMMXCSJ232737.63-541610.0,http://astronomy.sussex.ac.uk/~pr83/des_sv/des_images/all_jpegs/desdm_xcs_xcontours_XMMXCSJ232737.63-541610.0.jpg,http://astronomy.sussex.ac.uk/~pr83/des_sv/images/xray/0505384001-351.90679--54.269432.jpeg,http://astronomy.sussex.ac.uk/~pr83/des_sv/images/xray/0505384001.jpeg,0
XMMXCSJ232804.7-563003.0,http://astronomy.sussex.ac.uk/~pr83/des_sv/images/optical/desdm_xcs_xcontours_XMMXCSJ232804.7-563003.0.jpg,http://astronomy.sussex.ac.uk/~pr83/des_sv/images/xray/0604873901-prep_mosaic_017-352.0196--56.50083.jpeg,http://astronomy.sussex.ac.uk/~pr83/des_sv/images/xray/0604873901-prep_mosaic_017.jpeg,0
XMMXCSJ232810.21-555015.8,http://astronomy.sussex.ac.uk/~pr83/des_sv/des_images/all_jpegs/desdm_xcs_xcontours_XMMXCSJ232810.21-555015.8.jpg,http://astronomy.sussex.ac.uk/~pr83/des_sv/images/xray/0505381001-352.04255--55.837733.jpeg,http://astronomy.sussex.ac.uk/~pr83/des_sv/images/xray/0505381001.jpeg,0
XMMXCSJ232836.0-534916.4,http://astronomy.sussex.ac.uk/~pr83/des_sv/images/optical/all_jpegs_mosaic/desdm_xcs_xcontours_XMMXCSJ232836.0-534916.4.jpg,http://astronomy.sussex.ac.uk/~pr83/des_sv/images/xray/0677830101-prep_mosaic_015-352.1499--53.821223.jpeg,http://astronomy.sussex.ac.uk/~pr83/des_sv/images/xray/0677830101-prep_mosaic_015.jpeg,0
XMMXCSJ232842.97-553356.3,http://astronomy.sussex.ac.uk/~pr83/des_sv/des_images/all_jpegs/desdm_xcs_xcontours_XMMXCSJ232842.97-553356.3.jpg,http://astronomy.sussex.ac.uk/~pr83/des_sv/images/xray/0505381001-352.17905--55.565642.jpeg,http://astronomy.sussex.ac.uk/~pr83/des_sv/images/xray/0505381001.jpeg,0
XMMXCSJ232900.4-533931.7,http://astronomy.sussex.ac.uk/~pr83/des_sv/images/optical/all_jpegs_mosaic/desdm_xcs_xcontours_XMMXCSJ232900.4-533931.7.jpg,http://astronomy.sussex.ac.uk/~pr83/des_sv/images/xray/0677820101-prep_mosaic_004-352.25184--53.6588.jpeg,http://astronomy.sussex.ac.uk/~pr83/des_sv/images/xray/0677820101-prep_mosaic_004.jpeg,0
XMMXCSJ232936.62-555351.7,http://astronomy.sussex.ac.uk/~pr83/des_sv/images/optical/all_jpegs_mosaic/desdm_xcs_xcontours_XMMXCSJ232936.62-555351.7.jpg,http://astronomy.sussex.ac.uk/~pr83/des_sv/images/xray/0677800101-prep_mosaic_003-352.40257--55.897697.jpeg,http://astronomy.sussex.ac.uk/~pr83/des_sv/images/xray/0677800101-prep_mosaic_003.jpeg,0
XMMXCSJ232956.8-560809.3,http://astronomy.sussex.ac.uk/~pr83/des_sv/images/optical/desdm_xcs_xcontours_XMMXCSJ232956.8-560809.3.jpg,http://astronomy.sussex.ac.uk/~pr83/des_sv/images/xray/0677800101-prep_mosaic_003-352.48658--56.135909.jpeg,http://astronomy.sussex.ac.uk/~pr83/des_sv/images/xray/0677800101-prep_mosaic_003.jpeg,0
XMMXCSJ233000.57-543706.4,http://astronomy.sussex.ac.uk/~pr83/des_sv/des_images/all_jpegs/desdm_xcs_xcontours_XMMXCSJ233000.57-543706.4.jpg,http://astronomy.sussex.ac.uk/~pr83/des_sv/images/xray/0505383401-352.50236--54.618431.jpeg,http://astronomy.sussex.ac.uk/~pr83/des_sv/images/xray/0505383401.jpeg,0
XMMXCSJ233003.40-541415.6,http://astronomy.sussex.ac.uk/~pr83/des_sv/des_images/all_jpegs/desdm_xcs_xcontours_XMMXCSJ233003.40-541415.6.jpg,http://astronomy.sussex.ac.uk/~pr83/des_sv/images/xray/0505384001-352.51415--54.237654.jpeg,http://astronomy.sussex.ac.uk/~pr83/des_sv/images/xray/0505384001.jpeg,0
XMMXCSJ233025.5-530007.4,http://astronomy.sussex.ac.uk/~pr83/des_sv/images/optical/all_jpegs_mosaic/desdm_xcs_xcontours_XMMXCSJ233025.5-530007.4.jpg,http://astronomy.sussex.ac.uk/~pr83/des_sv/images/xray/0677820101-prep_mosaic_002-352.6062--53.002061.jpeg,http://astronomy.sussex.ac.uk/~pr83/des_sv/images/xray/0677820101-prep_mosaic_002.jpeg,0
XMMXCSJ233037.38-554340.2,http://astronomy.sussex.ac.uk/~pr83/des_sv/des_images/all_jpegs/desdm_xcs_xcontours_XMMXCSJ233037.38-554340.2.jpg,http://astronomy.sussex.ac.uk/~pr83/des_sv/images/xray/0505381101-352.65573--55.727841.jpeg,http://astronomy.sussex.ac.uk/~pr83/des_sv/images/xray/0505381101.jpeg,0
XMMXCSJ233135.2-562754.1,http://astronomy.sussex.ac.uk/~pr83/des_sv/images/optical/desdm_xcs_xcontours_XMMXCSJ233135.2-562754.1.jpg,http://astronomy.sussex.ac.uk/~pr83/des_sv/images/xray/0677800101-prep_mosaic_012-352.89651--56.465022.jpeg,http://astronomy.sussex.ac.uk/~pr83/des_sv/images/xray/0677800101-prep_mosaic_012.jpeg,0
XMMXCSJ233204.99-551242.8,http://astronomy.sussex.ac.uk/~pr83/des_sv/des_images/all_jpegs/jpegs_y1c_all/desdm_xcs_xcontours_XMMXCSJ233204.99-551242.8.jpg,http://astronomy.sussex.ac.uk/~pr83/des_sv/images/xray/0505381901-353.02078--55.211891.png,http://astronomy.sussex.ac.uk/~pr83/des_sv/images/xray/0505381901.jpeg,0
XMMXCSJ233215.97-544205.3,http://astronomy.sussex.ac.uk/~pr83/des_sv/des_images/all_jpegs/jpegs_y1c_all/desdm_xcs_xcontours_XMMXCSJ233215.97-544205.3.jpg,http://astronomy.sussex.ac.uk/~pr83/des_sv/images/xray/0554560601-353.06654--54.701474.png,http://astronomy.sussex.ac.uk/~pr83/des_sv/images/xray/0554560601.jpeg,0
XMMXCSJ233227.14-535834.8,http://astronomy.sussex.ac.uk/~pr83/des_sv/des_images/all_jpegs/desdm_xcs_xcontours_XMMXCSJ233227.14-535834.8.jpg,http://astronomy.sussex.ac.uk/~pr83/des_sv/images/xray/0604010101-353.11310--53.976334.jpeg,http://astronomy.sussex.ac.uk/~pr83/des_sv/images/xray/0604010101.jpeg,0
XMMXCSJ233227.5-535826.5,http://astronomy.sussex.ac.uk/~pr83/des_sv/images/optical/all_jpegs_mosaic/desdm_xcs_xcontours_XMMXCSJ233227.5-535826.5.jpg,http://astronomy.sussex.ac.uk/~pr83/des_sv/images/xray/0677830101-prep_mosaic_013-353.11449--53.974025.jpeg,http://astronomy.sussex.ac.uk/~pr83/des_sv/images/xray/0677830101-prep_mosaic_013.jpeg,0
XMMXCSJ233331.89-554753.4,http://astronomy.sussex.ac.uk/~pr83/des_sv/des_images/all_jpegs/jpegs_y1c_all/desdm_xcs_xcontours_XMMXCSJ233331.89-554753.4.jpg,http://astronomy.sussex.ac.uk/~pr83/des_sv/images/xray/0505381201-353.38287--55.798160.png,http://astronomy.sussex.ac.uk/~pr83/des_sv/images/xray/0505381201.jpeg,0
XMMXCSJ233346.00-553826.9,http://astronomy.sussex.ac.uk/~pr83/des_sv/des_images/all_jpegs/jpegs_y1c_all/desdm_xcs_xcontours_XMMXCSJ233346.00-553826.9.jpg,http://astronomy.sussex.ac.uk/~pr83/des_sv/images/xray/0505381201-353.44168--55.640818.png,http://astronomy.sussex.ac.uk/~pr83/des_sv/images/xray/0505381201.jpeg,0
XMMXCSJ233403.75-554903.6,http://astronomy.sussex.ac.uk/~pr83/des_sv/des_images/all_jpegs/jpegs_y1c_all/desdm_xcs_xcontours_XMMXCSJ233403.75-554903.6.jpg,http://astronomy.sussex.ac.uk/~pr83/des_sv/images/xray/0505381201-353.51562--55.817673.png,http://astronomy.sussex.ac.uk/~pr83/des_sv/images/xray/0505381201.jpeg,0
XMMXCSJ233406.45-554710.8,http://astronomy.sussex.ac.uk/~pr83/des_sv/des_images/all_jpegs/jpegs_y1c_all/desdm_xcs_xcontours_XMMXCSJ233406.45-554710.8.jpg,http://astronomy.sussex.ac.uk/~pr83/des_sv/images/xray/0505381201-353.52687--55.786326.png,http://astronomy.sussex.ac.uk/~pr83/des_sv/images/xray/0505381201.jpeg,0
XMMXCSJ233421.4-541054.6,http://astronomy.sussex.ac.uk/~pr83/des_sv/images/optical/all_jpegs_mosaic/desdm_xcs_xcontours_XMMXCSJ233421.4-541054.6.jpg,http://astronomy.sussex.ac.uk/~pr83/des_sv/images/xray/0677830101-prep_mosaic_001-353.58915--54.181827.jpeg,http://astronomy.sussex.ac.uk/~pr83/des_sv/images/xray/0677830101-prep_mosaic_001.jpeg,0
XMMXCSJ233429.10-543618.3,http://astronomy.sussex.ac.uk/~pr83/des_sv/des_images/all_jpegs/jpegs_y1c_all/desdm_xcs_xcontours_XMMXCSJ233429.10-543618.3.jpg,http://astronomy.sussex.ac.uk/~pr83/des_sv/images/xray/0505383601-353.62125--54.605088.png,http://astronomy.sussex.ac.uk/~pr83/des_sv/images/xray/0505383601.jpeg,0
XMMXCSJ233528.43-543501.1,http://astronomy.sussex.ac.uk/~pr83/des_sv/des_images/all_jpegs/desdm_xcs_xcontours_XMMXCSJ233528.43-543501.1.jpg,http://astronomy.sussex.ac.uk/~pr83/des_sv/images/xray/0505383601-353.86844--54.583652.jpeg,http://astronomy.sussex.ac.uk/~pr83/des_sv/images/xray/0505383601.jpeg,0
XMMXCSJ233546.8-535039.8,http://astronomy.sussex.ac.uk/~pr83/des_sv/images/optical/all_jpegs_mosaic/desdm_xcs_xcontours_XMMXCSJ233546.8-535039.8.jpg,http://astronomy.sussex.ac.uk/~pr83/des_sv/images/xray/0677830101-prep_mosaic_012-353.94503--53.8444.jpeg,http://astronomy.sussex.ac.uk/~pr83/des_sv/images/xray/0677830101-prep_mosaic_012.jpeg,0
XMMXCSJ233637.1-524408.2,http://astronomy.sussex.ac.uk/~pr83/des_sv/images/optical/all_jpegs_mosaic/desdm_xcs_xcontours_XMMXCSJ233637.1-524408.2.jpg,http://astronomy.sussex.ac.uk/~pr83/des_sv/images/xray/0677720101-prep_mosaic_007-354.15443--52.735607.jpeg,http://astronomy.sussex.ac.uk/~pr83/des_sv/images/xray/0677720101-prep_mosaic_007.jpeg,0
XMMXCSJ233706.8-541911.5,http://astronomy.sussex.ac.uk/~pr83/des_sv/images/optical/all_jpegs_mosaic/desdm_xcs_xcontours_XMMXCSJ233706.8-541911.5.jpg,http://astronomy.sussex.ac.uk/~pr83/des_sv/images/xray/0677830101-prep_mosaic_002-354.27849--54.319863.jpeg,http://astronomy.sussex.ac.uk/~pr83/des_sv/images/xray/0677830101-prep_mosaic_002.jpeg,0
XMMXCSJ233742.8-530823.9,http://astronomy.sussex.ac.uk/~pr83/des_sv/images/optical/all_jpegs_mosaic/desdm_xcs_xcontours_XMMXCSJ233742.8-530823.9.jpg,http://astronomy.sussex.ac.uk/~pr83/des_sv/images/xray/0677830101-prep_mosaic_005-354.42849--53.139963.jpeg,http://astronomy.sussex.ac.uk/~pr83/des_sv/images/xray/0677830101-prep_mosaic_005.jpeg,0
XMMXCSJ233745.46-562758.5,http://astronomy.sussex.ac.uk/~pr83/des_sv/des_images/all_jpegs/desdm_xcs_xcontours_XMMXCSJ233745.46-562758.5.jpg,http://astronomy.sussex.ac.uk/~pr83/des_sv/images/xray/0083210201-354.43940--56.466258.jpeg,http://astronomy.sussex.ac.uk/~pr83/des_sv/images/xray/0083210201.jpeg,0
XMMXCSJ233836.3-543740.3,http://astronomy.sussex.ac.uk/~pr83/des_sv/images/optical/all_jpegs_mosaic/desdm_xcs_xcontours_XMMXCSJ233836.3-543740.3.jpg,http://astronomy.sussex.ac.uk/~pr83/des_sv/images/xray/0677840101-prep_mosaic_007-354.65116--54.627851.jpeg,http://astronomy.sussex.ac.uk/~pr83/des_sv/images/xray/0677840101-prep_mosaic_007.jpeg,0
XMMXCSJ233926.0-555038.3,http://astronomy.sussex.ac.uk/~pr83/des_sv/images/optical/desdm_xcs_xcontours_XMMXCSJ233926.0-555038.3.jpg,http://astronomy.sussex.ac.uk/~pr83/des_sv/images/xray/0677850101-prep_mosaic_002-354.85831--55.84397.jpeg,http://astronomy.sussex.ac.uk/~pr83/des_sv/images/xray/0677850101-prep_mosaic_002.jpeg,0
XMMXCSJ234053.7-554248.7,http://astronomy.sussex.ac.uk/~pr83/des_sv/images/optical/desdm_xcs_xcontours_XMMXCSJ234053.7-554248.7.jpg,http://astronomy.sussex.ac.uk/~pr83/des_sv/images/xray/0677760101-prep_mosaic_004-355.22368--55.713521.jpeg,http://astronomy.sussex.ac.uk/~pr83/des_sv/images/xray/0677760101-prep_mosaic_004.jpeg,0
XMMXCSJ234119.2-560400.2,http://astronomy.sussex.ac.uk/~pr83/des_sv/images/optical/all_jpegs_mosaic/desdm_xcs_xcontours_XMMXCSJ234119.2-560400.2.jpg,http://astronomy.sussex.ac.uk/~pr83/des_sv/images/xray/0677770101-prep_mosaic_006-355.32985--56.066724.jpeg,http://astronomy.sussex.ac.uk/~pr83/des_sv/images/xray/0677770101-prep_mosaic_006.jpeg,0
XMMXCSJ234142.5-555747.7,http://astronomy.sussex.ac.uk/~pr83/des_sv/images/optical/all_jpegs_mosaic/desdm_xcs_xcontours_XMMXCSJ234142.5-555747.7.jpg,http://astronomy.sussex.ac.uk/~pr83/des_sv/images/xray/0677770101-prep_mosaic_006-355.42695--55.963244.jpeg,http://astronomy.sussex.ac.uk/~pr83/des_sv/images/xray/0677770101-prep_mosaic_006.jpeg,0
XMMXCSJ234145.4-564000.7,http://astronomy.sussex.ac.uk/~pr83/des_sv/images/optical/all_jpegs_mosaic/desdm_xcs_xcontours_XMMXCSJ234145.4-564000.7.jpg,http://astronomy.sussex.ac.uk/~pr83/des_sv/images/xray/0677770101-prep_mosaic_004-355.43906--56.666862.jpeg,http://astronomy.sussex.ac.uk/~pr83/des_sv/images/xray/0677770101-prep_mosaic_004.jpeg,0
XMMXCSJ234155.3-550745.5,http://astronomy.sussex.ac.uk/~pr83/des_sv/images/optical/all_jpegs_mosaic/desdm_xcs_xcontours_XMMXCSJ234155.3-550745.5.jpg,http://astronomy.sussex.ac.uk/~pr83/des_sv/images/xray/0677840101-prep_mosaic_010-355.48044--55.129297.jpeg,http://astronomy.sussex.ac.uk/~pr83/des_sv/images/xray/0677840101-prep_mosaic_010.jpeg,0
XMMXCSJ234201.2-553253.8,http://astronomy.sussex.ac.uk/~pr83/des_sv/images/optical/all_jpegs_mosaic/desdm_xcs_xcontours_XMMXCSJ234201.2-553253.8.jpg,http://astronomy.sussex.ac.uk/~pr83/des_sv/images/xray/0677760101-prep_mosaic_004-355.50495--55.548278.jpeg,http://astronomy.sussex.ac.uk/~pr83/des_sv/images/xray/0677760101-prep_mosaic_004.jpeg,0
XMMXCSJ234231.5-562106.8,http://astronomy.sussex.ac.uk/~pr83/des_sv/images/optical/all_jpegs_mosaic/desdm_xcs_xcontours_XMMXCSJ234231.5-562106.8.jpg,http://astronomy.sussex.ac.uk/~pr83/des_sv/images/xray/0677770101-prep_mosaic_005-355.63108--56.351899.jpeg,http://astronomy.sussex.ac.uk/~pr83/des_sv/images/xray/0677770101-prep_mosaic_005.jpeg,0
XMMXCSJ234448.2-561728.2,http://astronomy.sussex.ac.uk/~pr83/des_sv/images/optical/all_jpegs_mosaic/desdm_xcs_xcontours_XMMXCSJ234448.2-561728.2.jpg,http://astronomy.sussex.ac.uk/~pr83/des_sv/images/xray/0677770101-prep_mosaic_008-356.20071--56.291168.jpeg,http://astronomy.sussex.ac.uk/~pr83/des_sv/images/xray/0677770101-prep_mosaic_008.jpeg,0
XMMXCSJ234601.2-561108.8,http://astronomy.sussex.ac.uk/~pr83/des_sv/images/optical/all_jpegs_mosaic/desdm_xcs_xcontours_XMMXCSJ234601.2-561108.8.jpg,http://astronomy.sussex.ac.uk/~pr83/des_sv/images/xray/0677760101-prep_mosaic_008-356.50508--56.185787.jpeg,http://astronomy.sussex.ac.uk/~pr83/des_sv/images/xray/0677760101-prep_mosaic_008.jpeg,0
XMMXCSJ234730.8-553320.5,http://astronomy.sussex.ac.uk/~pr83/des_sv/images/optical/all_jpegs_mosaic/desdm_xcs_xcontours_XMMXCSJ234730.8-553320.5.jpg,http://astronomy.sussex.ac.uk/~pr83/des_sv/images/xray/0677750101-prep_mosaic_005-356.87852--55.555707.jpeg,http://astronomy.sussex.ac.uk/~pr83/des_sv/images/xray/0677750101-prep_mosaic_005.jpeg,0
XMMXCSJ235009.5-551957.9,http://astronomy.sussex.ac.uk/~pr83/des_sv/images/optical/all_jpegs_mosaic/desdm_xcs_xcontours_XMMXCSJ235009.5-551957.9.jpg,http://astronomy.sussex.ac.uk/~pr83/des_sv/images/xray/0677750101-prep_mosaic_009-357.53964--55.332753.jpeg,http://astronomy.sussex.ac.uk/~pr83/des_sv/images/xray/0677750101-prep_mosaic_009.jpeg,0
XMMXCSJ235059.5-552206.1,http://astronomy.sussex.ac.uk/~pr83/des_sv/images/optical/all_jpegs_mosaic/desdm_xcs_xcontours_XMMXCSJ235059.5-552206.1.jpg,http://astronomy.sussex.ac.uk/~pr83/des_sv/images/xray/0677750101-prep_mosaic_009-357.748--55.368365.jpeg,http://astronomy.sussex.ac.uk/~pr83/des_sv/images/xray/0677750101-prep_mosaic_009.jpeg,0
XMMXCSJ235852.95-554144.3,http://astronomy.sussex.ac.uk/~pr83/des_sv/des_images/all_jpegs/desdm_xcs_xcontours_XMMXCSJ235852.95-554144.3.jpg,http://astronomy.sussex.ac.uk/~pr83/des_sv/images/xray/0693190101-359.72063--55.695627.jpeg,http://astronomy.sussex.ac.uk/~pr83/des_sv/images/xray/0693190101.jpeg,0